RID,"Retraction or Other Notices
Title/Subject(s)/Journal --- Publisher/Affiliation(s)/Retraction Watch Post URL(s)
80 Item(s) Found",Reason(s),Author(s),"Original Paper
Date/PubMedID/DOI","Retraction or Other Notices
Date/PubMedID/DOI","Article Type(s)
Nature of Notice","Countries
Paywalled?
Notes"
21599,"The victorious counterrevolution: the nationalist effort in the Spanish Civil War
(HUM) History - Europe; 
National Identities ---Taylor and Francis
Department of Modern Languages and Linguistics, The University of Southampton, United Kingdom",+Error in Text+Retract and Replace,Pedro Garcia-Guirao,"02/14/2019
00000000
10.1080/14608944.2018.1563986","11/05/2019
00000000
10.1080/14608944.2019.1687179","Review Article
Retraction","United Kingdom
No"
21476,"Book Review: Industrial Sexuality: Gender, Urbanization, and Social Transformation in Egypt by Hanan Hammad
(HUM) History - Africa; (SOC) Sociology; 
Gender & Society ---SAGE Publications
University of New Mexico: Albuquerque, NM, US",+Duplication of Article+Error by Journal/Publisher,Eli R Wilson,"05/01/2019
00000000
10.1177/0891243219846501","10/16/2019
00000000
10.1177/0891243219884321","Review Article
Retraction","United States
No"
21446,"A Nation Within a Nation: Organizing African-American Communities before the Civil War
(HUM) History - North America; 
American Nineteenth Century History ---Taylor and Francis
Southampton University",+Duplication of Article+Error by Journal/Publisher,Stephen Robinson,"12/13/2012
00000000
10.1080/14664658.2012.746274","10/15/2019
00000000
10.1080/14664658.2019.1672947","Research Article
Retraction","United Kingdom
No"
20450,"From courtyard sport to competitive sport: evolution of wrestling in colonial Bengal
(HUM) History - Asia; (SOC) Sports and Recreation; 
Sport in Society ---Taylor and Francis
Ramsaday College, Howrah, India",+Duplication of Article+Euphemisms for Duplication+Euphemisms for Plagiarism+Plagiarism of Article,Amitava Chatterjee,"05/22/2014
00000000
10.1080/17430437.2014.919258","05/09/2019
00000000
10.1080/17430437.2019.1603668","Research Article
Retraction","India
No"
19156,"Sedimentary facies, sequence stratigraphy and diagenesis of mixed fluvial siliciclastic-marine carbonate deposits of the Lower Miocene Razak Formation at Sarkhun Gas Field, Zagros Basin, SE Iran: A linkage with reservoir quality
(BLS) Archeology; (HUM) History - Asia; (PHY) Geology; 
Marine and Petroleum Geology ---Elsevier
Department of Geology, Science and Research Branch, Islamic Azad University, Mashhad, Iran Geology Department, Faculty of Science, Menoufyia University, Shebin El-Kom, Egypt Department of Geology, Mashhad Branch, Islamic Azad University, Mashhad, Iran School of Earth Sciences and Resources, China University of Geosciences, Beijing 100083, China Department of Geology, Ferdowsi University, Mashhad, Iran Institute of Geology, University of the Punjab, Pakistan E&P Technology Projects Direction, Repsol Technology Center, Móstoles, Madrid, Spain",+Notice - Limited or No Information+Plagiarism of Article,"Hamad Amel
Hamdallah A Wanas
Arman Jafarian
A Amel
S Ghazi
M A Caja","02/19/2018
00000000
10.1016/j.marpetgeo.2018.02.018","08/07/2018
00000000
10.1016/j.marpetgeo.2018.06.020","Research Article
Retraction","China
Egypt
Iran
Pakistan
Spain
No"
18519,"A look at Mayan artificial cranial deformation practices: morphological and cultural aspects
(BLS) Anthropology; (BLS) Archeology; (HUM) History - South America; 
Neurosurgical Focus ---American Association of Neurological Surgeons
Department of Neurosurgery, Instituto Nacional de Neurologia y Neurocirugia “Manuel Velazco Suarez,” Mexico City Department of Neurology and Neurosurgery, Hospital Civil de Guadalajara “Fray Antonio Alcalde,” Universidad de Guadalajara, Mexico",+Euphemisms for Plagiarism+Plagiarism of Article,"Samuel Romero-Vargas
Jose Luis Ruiz-Sandoval
Arturo Sotomayor-Gonzalez
Rogelio Revuelta-Gutierrez
Miguel Angel Celis-Lopez
Juan Luis Gomez-Amador
Ulises Garcia-Gonzalez
Raul Lopez-Serna
Victor Garcia-Navarro
Diego Mendez-Rosito
Victor Correa-Correa
Sergio Gomez-Llata","12/01/2010
21121716
10.3171/2010.9.FOCUS10200","07/01/2018
29961387
10.3171/2018.5.FOCUS10200r","Review Article
Retraction","Mexico
No"
18520,"Knowledge of skull base anatomy and surgical implications of human sacrifice among pre-Columbian Mesoamerican cultures
(BLS) Anthropology; (BLS) Archeology; (HUM) History - South America; 
Neurosurgical Focus ---American Association of Neurological Surgeons
Department of Neurosurgery, Instituto Nacional de Neurologia y Neurocirugia “Manuel Velasco Suárez” Department of Spine Surgery, Instituto Nacional de Rehabilitacion, “Manuel Velasco Suárez,” Mexico City, Mexico Department of Neuroendocrinology, Instituto Nacional de Neurologia y Neurocirugia “Manuel Velasco Suárez,” Mexico City, Mexico",+Euphemisms for Plagiarism+Plagiarism of Article,"Raul Lopez-Serna
Juan Luis Gomez-Amador
Juan Barges-Coll
Nicasio Arriada-Mendicoa
Samuel Romero-Vargas
Miguel Ramos-Peek
Miguel Angel Celis-Lopez
Rogelio Revuelta-Gutierrez
Lesly Portocarrero-Ortiz","08/01/2012
22853827
10.3171/2012.6.FOCUS12120","07/01/2018
29961381
10.3171/2018.5.FOCUS12120r","Research Article
Retraction","Mexico
No"
19821,"Organic Democracy: Political Participation and Representation in Franco’s Spain
(B/T) Government; (HUM) History - Europe; 
Espacio, Tiempo y Forma ---UNED
Universidad de Castilla-La Mancha",+Investigation by Journal/Publisher+Plagiarism of Article,Miguel Angel Gimenez Martínez,"12/09/2015
00000000
10.5944/etfv.27.2015.15751","03/21/2018
00000000
10.5944/etfv.27.2015.15751","Research Article
Retraction","Spain
No"
16643,"Brittany 1750 - 1950 The Invisible Nation and Brittany A Concise History
(HUM) History - Europe; 
French History ---Oxford Academic
Murray Edwards College, University of Cambridge",+Duplication of Article+Error by Journal/Publisher,Alison Carrol,"10/24/2008
00000000
10.1093/fh/crn067","11/28/2017
00000000
10.1093/fh/crn067","Review Article
Retraction","United Kingdom
No"
19820,"The Cuban Revolution and historiography
(HUM) History - North America; 
Anuario de Estudios Americanos ---Consejo Superior de Investigaciones Científicas (CSIC)
Escuela de Estudios Hispano-Americanos, CSIS, Sevilla",+Plagiarism of Article,Jose Maria Aguilera Manzano,"01/01/2008
00000000
10.3989/aeamer.2008.v65.i1.106","02/06/2017
00000000
10.3989/aeamer.2008.v65.i1.106","Research Article
Retraction","Spain
No"
19468,"Conceptual reflections on the historical studies of Ibero-American society. Between the historical demography and the history of the population
(HUM) History - Europe; (SOC) Sociology; 
Naveg@merica ---Asociacion Espanola de Americanistas
Universidad de Sevilla",+Plagiarism of Article,Sandra Fabiana Olivero Guidobono,"10/28/2015
00000000
unavailable","02/02/2017
00000000
unavailable","Research Article
Retraction","Spain
No"
19713,"Ceramics at the Emergence of the Silk Road: A Case from Southeastern Kazakhstan
(HUM) History - Asia; (PHY) Materials Science; 
MRS Online Proceedings Library ---Cambridge University Press
University of Chicago, Department of Anthropology, Chicago, IL 60637 University of Arizona, Department of Materials Science and Engineering, Tuscon, AZ 85721 Central European University, Department of Medieval Studies, Budapest, Hungary Sweet Briar College, Department of Anthropology, Sweet Briar, VA 24595",+Date of Retraction/Other Unknown+Error by Journal/Publisher+Retract and Replace,"Maryfran Heinsch
Pamela B Vandiver
Kyra Lyublyanovics
Alice M Choyke
Perry Tourtellotte
Claudia Chang","05/09/2014
00000000
10.1557/opl.2014.430","01/01/2017
00000000
10.1557/opl.2017.3","Case Report
Retraction","Hungary
United States
No"
10427,"Blasts from the Past: War and Fracture in the International System
(HUM) History - General; (SOC) Military/Naval Studies; 
International Political Sociology ---Oxford Academic
Lund University",+Error by Journal/Publisher+Notice - Lack of+Withdrawal,Jens Bartelson,"11/11/2016

10.1093/ips/olw019",12/01/2016,"Article in Press
Research Article
Retraction","Sweden
Yes"
8492,"Historical Perspective on Public Support for the Draft: War Costs and Military Service
(B/T) Government; (HUM) History - North America; (PUB) Society/Association Journals; (SOC) Military/Naval Studies; 
Journal of Global Security Studies ---Oxford University Press
Binghampton University, State University of New York (SUNY)",+Error by Journal/Publisher+Retract and Replace,Benjamin O Fordham,"08/26/2016

10.1093/jogss/ogw014",10/05/2016,"Research Article
Retraction","United States
Unknown"
17697,"Social mobility in the early middle ages
(HUM) History - General; (SOC) Sociology; 
Explorations in Economic History ---Elsevier
Eberhard Karls Universität Tübingen, Germany",+Date of Retraction/Other Unknown+Notice - Limited or No Information+Retract and Replace+Temporary Removal,Nicholas J Meinzer,"08/24/2016
00000000
10.1016/j.eeh.2016.08.001","08/24/2016
00000000
10.1016/j.eeh.2016.08.001","Research Article
Retraction","Germany
No"
12620,"Legacy of Elisabeth Noelle-Neumann: The spiral of silence and other controversies
(HUM) History - Europe; (SOC) Communications; 
Journal of European Communication ---SAGE Publications
University of Ljubljana, Slovenia
http://retractionwatch.com/2016/07/06/heir-claims-part-of-review-about-political-scientist-is-defamatory-journal-partially-retracts/",+Legal Reasons/Legal Threats+Objections by Third Party+Upgrade/Update of Prior Notice,Slavko Splichal,"06/11/2015
00000000
10.1177/0267323115589265","07/01/2016
00000000
0.1177/0267323116650776","Review Article
Correction","Slovenia
No"
12619,"Legacy of Elisabeth Noelle-Neumann: The spiral of silence and other controversies
(HUM) History - Europe; (SOC) Communications; 
Journal of European Communication ---SAGE Publications
University of Ljubljana, Slovenia
http://retractionwatch.com/2016/07/06/heir-claims-part-of-review-about-political-scientist-is-defamatory-journal-partially-retracts/",+Investigation by Journal/Publisher+Updated to Correction,Slavko Splichal,"06/11/2015
00000000
10.1177/0267323115589265","10/12/2015
00000000
10.1177/0267323115614741#","Review Article
Expression of concern",Slovenia
19461,"Output and workforce in the Jesuit haciendas of colonial Buenos Aires: La Chacarita and Las Conchas in the eighteenth century
(HUM) History - South America; (HUM) Religion; 
Anuario de Estudios Americanos ---Consejo Superior de Investigaciones Científicas (CSIC)
Universidad de Sevilla",+Duplication of Article,Sandra Fabiana Olivero Guidobono,"07/01/2012
00000000
10.3989/aeamer.2012.2.09","06/14/2016
00000000
10.3989/aeamer.2012.2.09","Review Article
Retraction","Spain
No"
13279,"Michael Baius (1513–89) and the Debate on ‘Pure Nature’: Grace and Moral Agency in Sixteenth-Century Scholasticism
(HUM) History - Europe; (HUM) Philosophy; 
Moral Philosophy on the Threshold of Modernity ---Springer
Katholieke Universiteit Leuven
http://retractionwatch.com/2016/06/08/philosopher-earns-13th-retraction-for-plagiarism/",+Concerns/Issues about Referencing/Attributions+Euphemisms for Plagiarism+Investigation by Company/Institution+Plagiarism of Text,Martin William Francis Stone,"01/01/2005
00000000
10.1007/1-4020-3001-0_4","01/01/2016
00000000
10.1007/1-4020-3001-0_16","Book Chapter/Reference Work
Retraction","Belgium
No"
8491,"On ‘presence’ and conversing with the past: do historians communicate with the past?
(HUM) History - General; 
Rethinking History: The Journal of Theory and Practice ---Taylor and Francis
UK Editor, Rethinking History: The Journal of Theory & Practice",+Duplication of Article+Error by Journal/Publisher,Alun Munslow,"05/12/2014
00000000
10.1080/13642529.2014.915496","01/01/2016
00000000
10.1080/13642529.2014.915496","Review Article
Retraction","United Kingdom
No"
1086,"The Communication of Diagnostic Information by Doctors to Patients in the Consultation
(HSC) Medicine - General; (HUM) History - General; 
Bordering Biomedicine ---Brill
The University of Lugano (Università della Svizzera Italiana) Switzerland
http://retractionwatch.com/2016/04/18/communications-researcher-loses-two-book-chapters-investigated-for-plagiarism/",+Complaints about Author+Euphemisms for Plagiarism+Investigation by Company/Institution+Plagiarism of Article,Peter Johannes Schulz,"01/01/2005
00000000
unavailable","01/01/2016
00000000
unavailable","Book Chapter/Reference Work
Retraction","Switzerland
No"
1216,"Child Farm Laborers
(BLS) Anthropology; (HUM) History - United States; 
American Journal of Public Health ---American Public Health Association
Notre Dame de Namur University, Belmont, CA
http://retractionwatch.com/2015/10/29/retracted-child-labor-paper-was-improperly-attributed-copied-text-verbatim/",+Plagiarism of Text,Aung Zaw Win,"05/14/2015
25973808
10.2105/AJPH.2015.302623","08/01/2015
26158234
10.2105/AJPH.2015.1057.1726","Review Article
Retraction","United States
No"
13650,"Introduction
(B/T) Business - Economics; (HUM) History - Europe; (HUM) Philosophy; 
Journal of Markets & Morality ---Acton Institute for the Study of Religion & Liberty
Unavailable
http://retractionwatch.com/2015/07/20/two-retractions-cost-economic-historian-book-chapter-and-journal-article/",+Notice - Lack of+Plagiarism of Text,Francisco Gómez Camacho,11/16/2007,07/01/2015,"Book Chapter/Reference Work
Retraction","Unknown
Unknown"
905,"Anticancer Activity of MS-275, A Novel Histone Deacetylase Inhibitor, Against Human Endometrial Cancer Cells
(BLS) Biochemistry; (BLS) Biology - Cancer; (BLS) Genetics; (HSC) Medicine - Pathology; (HSC) Medicine - Pharmacology; (HUM) History - South America; (PHY) Chemistry; 
Anticancer Research: International Journal of Cancer Research and Treatment ---The International Institute of Anticancer Research
Department of Obstetrics and Gynecology, Oita University Faculty of Medicine, Oita, Japan
http://retractionwatch.com/2015/07/20/retractions-9-10-and-11-appear-for-gynecologic-cancer-researcher-noriyuki-takai/",+Notice - Limited or No Information,"Noriyuki Takai
Tami Ueda
Masakazu Nishida
Hisashi Narahara","03/01/2006
16619490","04/01/2015
25862918","Research Article
Retraction","Japan
No"
9821,"Later Scholastics: Spanish Economic Thought in the XVIth and XVIIth Centuries
(B/T) Business - Economics; (HUM) History - Europe; 
Ancient and Medieval Economic Ideas and Concepts of Social Justice ---Brill
Unavailable
http://retractionwatch.com/2015/07/20/two-retractions-cost-economic-historian-book-chapter-and-journal-article/",+Euphemisms for Plagiarism+Plagiarism of Text,Francisco Gómez Camacho,"12/01/1997
00000000
unavailable","03/17/2015
00000000
unavailable","Book Chapter/Reference Work
Retraction","Unknown
No"
19467,"Land and market: the wheat from the field to the mill. The River Plate campaign in the 18th century
(B/T) Business - Economics; (BLS) Agriculture; (HUM) History - Europe; 
Jahrbuch fur Geschichte Lateinamerikas ---De Gruyter
University of Seville, Faculty of Geography and History, Spain",+Plagiarism of Article+Withdrawal,Sandra Fabiana Olivero Guidobono,"12/01/2013
00000000
unavailable","12/01/2014
00000000
unavailable","Research Article
Retraction","Spain
No"
6413,"Sacred psychiatry in ancient Greece
(HSC) Medicine - Psychiatry; (HUM) History - Europe; 
Annals of General Psychiatry ---BioMed Central (BMC)
Second Department of Psychiatry, University of Athens, Attikon Hospital, 1 Rimini str., Athens 12462, Greece",+Euphemisms for Plagiarism+Plagiarism of Text,"Georgios Tzeferakos
Athanasios Douzenis","04/12/2014
24725988
10.1186/1744-859X-13-11","11/26/2014

10.1186/s12991-014-0030-2","Research Article
Retraction","Greece
No"
17251,"Who will carry the word? The threshold between unspeakability and silence in the Holocaust narratives of Charlotte Delbo and Jorge Semprun
(HUM) History - Europe; (SOC) Communications; (SOC) Sociology; 
European Journal of English Studies ---Taylor and Francis
Depto F Inglesia II, F Filologia, UCM, Cuidad Universiteria, s/n 24080 Madrid Spain
http://retractionwatch.com/2014/08/08/holocaust-paper-yanked-for-plagiarizing/",+Plagiarism of Article,Esther Sanchez-Pardo,"04/07/2010
00000000
10.1080/13825571003588429","07/24/2014
00000000
10.1080/13825577.2014.944344","Research Article
Retraction","Spain
No"
17211,"Warlords, priests and the politics of ethnic cleansing: a case-study from rural Bosnia Hercegovina
(HUM) History - Europe; (HUM) Religion; 
Ethnic and Racial Studies ---SAGE Publications
Free University of Amsternam, Netherlands
http://retractionwatch.com/2014/04/03/first-retraction-appears-for-dutch-anthropologist-mart-bax/",+Falsification/Fabrication of Data+Investigation by Company/Institution+Investigation by Journal/Publisher+Misconduct - Official Investigation/Finding+Misconduct by Author,Mart Bax,"12/07/2010
00000000
10.1080/014198700329114","03/28/2014
00000000
10.1080/01419870.2014.886365","Review Article
Retraction","Netherlands
No"
18714,"A catalog of aftershock sequences in Greece (1998–2008) and their spatial and temporal characteristics
(ENV) Environmental Sciences; (HUM) History - Europe; (PHY) Geology; 
Journal of Seismology ---Springer
National Observatory of Athens, Institute of Geodynamics, Athens, Greece",+Euphemisms for Plagiarism+Plagiarism of Article,"Ioannis Baskoutas
Dimitrios Papanastassiou","06/04/2012
00000000
10.1007/s10950-012-9310-y","07/01/2013
00000000
10.1007/s10950-012-9310-y","Research Article
Retraction","Greece
No"
17256,"Post-TRC South African writing and the trauma of apartheid
(HUM) Arts -Literature/Poetry; (HUM) History - Africa; (SOC) Psychology; (SOC) Sociology; 
Polyvocia ---SOAS University of London
University of London
http://retractionwatch.com/2014/08/14/mistaken-punctuation-misreferencing-and-other-euphemisms-for-plagiarism/",+Plagiarism of Article,Danielle Faye Tran,"05/01/2012
00000000
unavailable","05/01/2013
00000000
unavailable","Research Article
Retraction","United Kingdom
No"
5286,"Islam and Post-Modernism: Locating the Rise of Islamism in Turkey
(HUM) History - Asia; (HUM) Religion; (SOC) Political Science; 
Journal of Islamic Studies ---Oxford Academic
Centre for West Asian Studies, Jamia Millia Islamia",+Concerns/Issues about Referencing/Attributions+Plagiarism of Text+Withdrawal,Anwar Alam,"06/26/2009

10.1093/jis/etp023","12/21/2012

10.1093/jis/ets096","Research Article
Retraction","India
No"
16902,"Empire, Bare Life and the Constitution of Whiteness: Sovereignty in the Age of Terror
(HUM) History - General; (SOC) Sociology; 
Feminist Legal Studies ---Springer
University of British Columbia, Canada
http://retractionwatch.com/2012/09/18/feminist-studies-journal-retracts-paper-after-post-acceptance-editing-dispute/",+Objections by Author(s)+Withdrawal,Sunera Thobani,"03/31/2012
00000000
10.1007/s10691-012-9194-9","09/01/2012
00000000
10.1007/s10691-012-9194-9","Review Article
Retraction","Canada
No"
11517,"Equity and Moderation: The Reception and Uses of Aristotle’s Doctrine of epieikeia in Thirteenth-Century Ethics
(HUM) History - Europe; (HUM) Philosophy; (PUB) Society/Association Journals; (SOC) Ethics/Bioethics; 
Documenti e Studi Sulla Tradizione Filosofica Medievale ---Società Internazionale per lo Studio del Medioevo Latino (SISMEL)
Unavailable
http://retractionwatch.com/2016/06/08/philosopher-earns-13th-retraction-for-plagiarism/",+Plagiarism of Text,Martin William Francis Stone,"12/01/2006
00000000
unavailable","01/01/2012
00000000
unavailable","Research Article
Retraction","Unknown
No"
16860,"Investigating the need of nuclear power plants for sustainable energy in Iran
(HUM) History - Asia; (HUM) History - Europe; (PHY) Energy; 
Renewable and Sustainable Energy Reviews ---Elsevier
Department of Mechanical Engineering, Faculty of Engineering, University of Malaya, 50603 Kuala Lumpur, Malaysia
http://retractionwatch.com/2012/01/25/should-iran-have-nuclear-power-paper-addressing-question-retracted-for-authorship-issues/",+Error in Data+Forged Authorship,"Afshin Mazandarani
T M I Mahlia
W T Chong
M Moghavvemi","07/16/2011
00000000
10.1016/j.rser.2011.05.014","11/25/2011
00000000
10.1016/j.rser.2011.10.012","Research Article
Retraction","Malaysia
No"
15736,"On generation and development of railway elementary education in China (from 1898 to 1949)
(B/T) Transportation; (HUM) History - Asia; (PUB) Society/Association Journals; (SOC) Education; 
2011 2nd Intl Conf on Artificial Intelligence, Management Science and Electronic Commerce ---Institute of Electrical and Electronics Engineers (IEEE)
Zhengzhou Technician College, No. 350, Longhai Road, PC: 450052, China
http://retractionwatch.com/2015/06/25/one-publisher-appears-to-have-retracted-thousands-of-meeting-abstracts-yes-thousands/",+Investigation by Journal/Publisher+Notice - Limited or No Information+Withdrawal,Meiyan Ding,"08/08/2011
00000000
10.1109/AIMSEC.2011.6009702","09/06/2011
00000000
10.1109/AIMSEC.2011.6009702","Conference Abstract/Paper
Retraction","China
No"
17632,"Thought styles and paradigms: A comparative study of Ludwik Fleck and Thomas S. Kuhn
(HUM) History - General; (HUM) Philosophy; 
Studies in History and Philosophy of Science Part A ---Elsevier
RWTH Aachen, Philosophisches Institut, Eilfschornsteinstr. 16, 52062 Aachen, Germany",+Duplication of Article+Error by Journal/Publisher,Nicola Mößner,"04/09/2011
00000000
10.1016/j.shpsa.2011.02.001","09/01/2011
00000000
10.1016/j.shpsa.2011.02.001","Research Article
Retraction","Germany
No"
10317,"Study on development history and policy of industrial design in China
(HUM) History - Asia; (PHY) Engineering - General; (PUB) Society/Association Journals; 
2011 International Conference on Product Innovation Management (ICPIM 2011) ---Institute of Electrical and Electronics Engineers (IEEE)
School of Management, Wuhan University of Technology, Wuhan, P.R. China, 43007 School of Arts and Law, Wuhan University of Technology, Wuhan, P.R. China, 43007
http://retractionwatch.com/2015/06/25/one-publisher-appears-to-have-retracted-thousands-of-meeting-abstracts-yes-thousands/",+Investigation by Journal/Publisher+Notice - Limited or No Information,"Wei Fang
Huang Zhaofang","07/16/2011

10.1109/ICPIM.2011.5983681","08/15/2011

10.1109/ICPIM.2011.5983681","Conference Abstract/Paper
Retraction","China
No"
16090,"Study of the relationship between IPO market timing and capital structure of Real Estate companies Econometric evidence from the Panel Data of Hong Kong Main Board Stock Market
(B/T) Business - Economics; (B/T) Business - General; (HUM) History - General; 
2011 International Conference on Business Management and Electronic Information ---Institute of Electrical and Electronics Engineers (IEEE)
School of Management, Xi'an University of Architecture and Technology, China
http://retractionwatch.com/2015/06/25/one-publisher-appears-to-have-retracted-thousands-of-meeting-abstracts-yes-thousands/",+Notice - Limited or No Information,"Gao Chun Li
Lan Feng","05/13/2011

10.1109/ICBMEI.2011.5918013","06/23/2011

10.1109/ICBMEI.2011.5918013","Conference Abstract/Paper
Retraction","China
No"
16021,"The factor contribution to the Chinese industry growth: 1952-2007
(B/T) Business - Economics; (HUM) History - General; 
2011 International Conference on Business Management and Electronic Information ---Institute of Electrical and Electronics Engineers (IEEE)
School of Business, Xi'an International Studies University, China School of Economics & Finance, Xi'an Jiaotong University, China
http://retractionwatch.com/2015/06/25/one-publisher-appears-to-have-retracted-thousands-of-meeting-abstracts-yes-thousands/",+Notice - Limited or No Information,"Zeng Xian-feng
Li Guo-ping","05/13/2011

10.1109/ICBMEI.2011.5920919","06/23/2011

10.1109/ICBMEI.2011.5920919","Conference Abstract/Paper
Retraction","China
No"
9339,"Analysis on the dynamic mechanism of R & D industry
(B/T) Business - General; (HUM) History - General; 
2011 International Conference on E-Business and E-Government (ICEE) ---Institute of Electrical and Electronics Engineers (IEEE)
School of Management of Huazhong University of Science and Technology Wuhan City, Hubei Province 430068
http://retractionwatch.com/2015/06/25/one-publisher-appears-to-have-retracted-thousands-of-meeting-abstracts-yes-thousands/",Notice - No/Limited Information,"Li Shun-cai
Lai Hai-lian
Hu Yue-shi","05/06/2011

10.1109/ICEBEG.2011.5882087","06/16/2011

10.1109/ICEBEG.2011.5882087","Conference Abstract/Paper
Retraction","China
No"
15081,"Enlightenment from public choice theory on Chinese governmental administration
(B/T) Business - Economics; (B/T) Government; (HUM) History - Asia; (SOC) Law/Legal Issues; 
2011 International Conference on E-Business and E-Government (ICEE) ---Institute of Electrical and Electronics Engineers (IEEE)
College of Science & Technology, Ningbo University, Ningbo, China
http://retractionwatch.com/2015/06/25/one-publisher-appears-to-have-retracted-thousands-of-meeting-abstracts-yes-thousands/",+Breach of Policy by Author+Notice - Limited or No Information,Tang Guo,05/06/2011,"06/16/2011

10.1109/ICEBEG.2011.5882592","Conference Abstract/Paper
Retraction","China
No"
10682,"Social security and household consumption: Historical experience, effect mechanism and policy suggestions
(B/T) Business - Economics; (B/T) Government; (HUM) History - General; 
2011 International Conference on E-Business and E-Government (ICEE) ---Institute of Electrical and Electronics Engineers (IEEE)
Social Security Research Center Renmin University of China (RUC) Beijing, China
http://retractionwatch.com/2015/06/25/one-publisher-appears-to-have-retracted-thousands-of-meeting-abstracts-yes-thousands/",+Investigation by Journal/Publisher+Notice - Limited or No Information,"Yiting Lu
Quan Lu",05/06/2011,"06/16/2011

10.1109/ICEBEG.2011.5882202","Conference Abstract/Paper
Retraction","China
Yes"
12710,"Philosophy and Theology
(HUM) History - Europe; (HUM) Philosophy; 
The Cambridge History of Medieval Philosophy ---Cambridge University Press
Katholieke Universiteit Leuven, Leuven, Belgium
http://retractionwatch.com/2016/06/08/philosopher-earns-13th-retraction-for-plagiarism/",+Legal Reasons/Legal Threats+Notice - Limited or No Information,"Martin William Francis Stone
Robert Wisnovsky","01/01/2009

10.1017/CHOL9780521762182.013","06/01/2011

10.1017/CHOL9780521762182.013","Book Chapter/Reference Work
Retraction","Belgium
No"
6272,"What caused the mid-Holocene forest decline on the eastern Tibet-Qinghai Plateau?
(BLS) Plant Biology/Botany; (ENV) Climate Change; (ENV) Ecology; (HUM) History - Asia; 
Global Ecology and Biogeography ---Weed Science Society of America
Alfred Wegener Institute for Polar and Marine Research, PotsdamDepartment of Geosciences, University of Potsdam, Potsdam-GolmDepartment of Biology and Bjerknes Centre for Climate Research, University of Bergen, BergenEnvironmental Change Research Centre, University College London, LondonNanjing Institute of Geography and Limnology, Chinese Academy of Sciences, NanjingAlfred Wegener Institute for Polar and Marine Research, Bremerhaven
http://retractionwatch.com/2010/12/21/authors-plan-to-appeal-global-ecology-and-biogeography-retraction/",+Lack of Approval from Author,"Ulrike Herzschuh
H John B Birks
Xingqi Liu
Claudia Kubatzki
Gerrit Lohmann","11/27/2009
00000000
10.1111/j.1466-8238.2009.00501.x","12/17/2010
00000000
10.1111/j.1466-8238.2010.00648.x","Research Article
Retraction","China
Germany
Norway
United Kingdom
No"
11769,"The integrated frameworks for studying spatial morphology of historical city evolution
(B/T) Urban Planning; (HUM) History - General; (PUB) Society/Association Journals; (SOC) Education; 
2010 International Conference on Educational and Information Technology (ICEIT) ---Institute of Electrical and Electronics Engineers (IEEE)
Jiangnan University, School of Design, Wuxi, China Central South University, School of Art, Changsha, China
http://retractionwatch.com/2015/06/25/one-publisher-appears-to-have-retracted-thousands-of-meeting-abstracts-yes-thousands/",+Breach of Policy by Author+Investigation by Journal/Publisher+Notice - Limited or No Information,"Lu Zheng
Guo Weimin
Zhou Xuan","09/17/2010

10.1109/ICEIT.2010.5608425","10/25/2010

10.1109/ICEIT.2010.5608425","Conference Abstract/Paper
Retraction","China
No"
2924,"St. Luke and his cult as holy healer of the Serbs
(HSC) Medicine - General; (HUM) History - Europe; (HUM) Religion; (PUB) Society/Association Journals; 
Srpski Arhiv Za Celokupno Lekarstvo ---Serbian Medical Society
Ministry of Health of Republic of Serbia, BelgradeInstitute of Pathophysiology, School of Medicine, BelgradeInstitute of Pathoanatomy, School of Medicine, Belgrade
http://retractionwatch.com/2012/01/03/a-tsunami-of-plagiarism-in-serbia-but-hardly-any-retractions/",+Duplication of Article,"Zorica Mitrovic
Ljiljana Markovic
Maja Nenadovic","09/01/2004
15794062
10.2298/SARH0410364M","10/12/2010
21180206
10.2298/SARH1010674U","Research Article
Retraction","Serbia
No"
13794,"Analysis of the characters of the geographic distribution of the world's extra-large cities
(ENV) Environmental Sciences; (HUM) History - General; (SOC) Sociology; 
2010 The 2nd Conference on Environmental Science and Information Application Technology ---Institute of Electrical and Electronics Engineers (IEEE)
Earth Science Department, China University of Geosciences, Wu Han, China Information Engineering Company of China University of Geosciences, China
http://retractionwatch.com/2015/06/25/one-publisher-appears-to-have-retracted-thousands-of-meeting-abstracts-yes-thousands/",+Notice - Limited or No Information,"Lin Zhang
Zhang Long
Binwen Zou","07/17/2010

10.1109/ESIAT.2010.5568983","09/09/2010

10.1109/ESIAT.2010.5568983","Conference Abstract/Paper
Retraction","China
No"
13850,"Geographic environmental impacts on the forming of resource-based urban settlement
(B/T) Urban Planning; (HUM) History - Asia; 
2010 The 2nd Conference on Environmental Science and Information Application Technology ---Institute of Electrical and Electronics Engineers (IEEE)
School of Urban Design, Wuhan University, China Huangshi Urban Construction Archives, China
http://retractionwatch.com/2015/06/25/one-publisher-appears-to-have-retracted-thousands-of-meeting-abstracts-yes-thousands/",+Notice - Limited or No Information+Withdrawal,"Huang Lingjiang
Wang Yi
Liu Chiying
Xia Qixing",07/17/2010,"09/09/2010

10.1109/ESIAT.2010.5567430","Conference Abstract/Paper
Retraction","China
No"
13786,"Human activities and lake evolution in the middle reaches of Yangtze River
(ENV) Ecology; (ENV) Ground/Surface Water; (HUM) History - Asia; 
2010 The 2nd Conference on Environmental Science and Information Application Technology ---Institute of Electrical and Electronics Engineers (IEEE)
School of City & Environment Science, Huazhong Normal University, Wuhan, China
http://retractionwatch.com/2015/06/25/one-publisher-appears-to-have-retracted-thousands-of-meeting-abstracts-yes-thousands/",+Notice - Limited or No Information,"Jian-wu Huang
Ya-jing Tian","07/17/2010

10.1109/ESIAT.2010.5567270","09/09/2010

10.1109/ESIAT.2010.5567270","Conference Abstract/Paper
Retraction","China
No"
14699,"Big country dependent economy development of Taiwan -Functions of Japan, the US, and China in Taiwan's economy development
(B/T) Business - General; (B/T) International Relations; (HUM) History - General; 
2010 IEEE International Conference on Advanced Management Science (ICAMS 2010) ---Institute of Electrical and Electronics Engineers (IEEE)
Department of Applied Japanese, Aletheia University, Tamsui, Taipei, 25103 Taiwan Department of Management Information Systems, National Chiayi University, 600, Taiwan
http://retractionwatch.com/2015/06/25/one-publisher-appears-to-have-retracted-thousands-of-meeting-abstracts-yes-thousands/",+Notice - Limited or No Information,"Jung Hsiung-Shen
Ting-Sheng Weng","07/09/2010

10.1109/ICAMS.2010.5553270","08/23/2010

10.1109/ICAMS.2010.5553270","Conference Abstract/Paper
Retraction","Taiwan
No"
14397,"Study of integration innovation of modern industrial engineering technologies based on lean thinking
(B/T) Business - General; (B/T) Technology; (HUM) History - General; 
2010 IEEE International Conference on Advanced Management Science (ICAMS 2010) ---Institute of Electrical and Electronics Engineers (IEEE)
College of Economics and Management, Tianjin University of Science and Technology, China School of Management, Tianjin University, China
http://retractionwatch.com/2015/06/25/one-publisher-appears-to-have-retracted-thousands-of-meeting-abstracts-yes-thousands/",+Notice - Limited or No Information,"Shu Jun-yi
Shi Xue-gang","07/09/2010

10.1109/ICAMS.2010.5553148","08/23/2010

10.1109/ICAMS.2010.5553148","Conference Abstract/Paper
Retraction","China
No"
11054,"The Nature and Significance of Law in Early Modern Scholasticism
(HUM) History - Europe; (HUM) History - General; (SOC) Law/Legal Issues; 
A Treatise of Legal Philosophy and General Jurisprudence ---Springer
University of Leuven
http://retractionwatch.com/2016/06/08/philosopher-earns-13th-retraction-for-plagiarism/",+Investigation by Company/Institution+Plagiarism of Text,Martin William Francis Stone,01/25/2010,"08/12/2010

10.1111/j.1467-9337.2010.00463.x","Book Chapter/Reference Work
Retraction","Belgium
No"
13278,"The evolution and historical role of examination system in ancient China
(HUM) History - Asia; (PUB) Society/Association Journals; (SOC) Education; 
2010 2nd International Conference on Computer Engineering and Technology ---Institute of Electrical and Electronics Engineers (IEEE)
Graduate School, Jiangxi University of Finance and Economic, Nan Chang City, 330013, China School of Economics and Management, Nanchang Hangkong University, 330013, China
http://retractionwatch.com/2015/06/25/one-publisher-appears-to-have-retracted-thousands-of-meeting-abstracts-yes-thousands/",+Breach of Policy by Author+Investigation by Journal/Publisher+Notice - Limited or No Information,Xie Li-zhi,"04/16/2010

10.1109/ICCET.2010.5486054","06/17/2010

10.1109/ICCET.2010.5486054","Conference Abstract/Paper
Retraction","China
No"
13380,"The research of analysis and designing for History- Educational Games
(B/T) Technology; (HUM) History - General; (PUB) Society/Association Journals; (SOC) Education; (SOC) Sports and Recreation; 
2010 2nd International Conference on Computer Engineering and Technology ---Institute of Electrical and Electronics Engineers (IEEE)
Digital Media Technology Department, Communication and Electronic College, Jiangxi Science and Technique Normal University, Nanchang, China
http://retractionwatch.com/2015/06/25/one-publisher-appears-to-have-retracted-thousands-of-meeting-abstracts-yes-thousands/",+Breach of Policy by Author+Investigation by Journal/Publisher+Notice - Limited or No Information,"Ling He
Xiaoqiang Hu
Xianmei Jiang","04/16/2010

10.1109/ICCET.2010.5485551","06/17/2010

10.1109/ICCET.2010.5485551","Conference Abstract/Paper
Retraction","China
No"
5017,"Slavery and medicine in the Caribbean at the end of the Ancien Régime
(HSC) Medicine - General; (HUM) History - North America; 
Social History ---Taylor and Francis
Florida International University, Miami, Florida",+Euphemisms for Plagiarism+Plagiarism of Article,José María Aguilera-Manzano,"02/25/2010

10.1080/03071020802410312","05/17/2010

10.1080/03071021003729971","Research Article
Retraction","United States
No"
8666,"Initium omnis peccati est superbia: Jean Gerson's Analysis of Pride in His Mystical Theology, Pastoral Thought, and Hamartiology
(HUM) History - Europe; (HUM) Religion; (PUB) Institutional Journals; 
Garden of Evil: The Vices and Culture in the Middle Ages ---Pontifical Institute of Mediaeval Studies
Higher Institute of Philosophy, Katholieke Universiteit Leuven
http://retractionwatch.com/2016/06/08/philosopher-earns-13th-retraction-for-plagiarism/",+Plagiarism of Text,Martin William Francis Stone,01/01/2005,05/15/2010,"Book Chapter/Reference Work
Expression of concern","Belgium
Unknown"
6845,"A brief analysis of the cultural phenomena reflected by the furniture of Ming & Qing dynasties and its impact
(HUM) Architecture; (HUM) Arts - General; (HUM) History - Asia; 
2009 IEEE 10th International Conference on Computer-Aided Industrial Design & Conceptual Design ---Institute of Electrical and Electronics Engineers (IEEE)
Huangshi Institute of Technology, China
http://retractionwatch.com/2015/06/25/one-publisher-appears-to-have-retracted-thousands-of-meeting-abstracts-yes-thousands/",+Breach of Policy by Author,Xuemei Yang,11/26/2009,"01/08/2010

10.1109/CAIDCD.2009.5374939","Conference Abstract/Paper
Retraction","China
Yes"
6847,"A preliminary analysis on Yi People's patterns applied to product design
(HUM) Architecture; (HUM) History - Asia; 
2009 IEEE 10th International Conference on Computer-Aided Industrial Design & Conceptual Design ---Institute of Electrical and Electronics Engineers (IEEE)
Kunming University of Science and Technology, Yunnan, 650093, China
http://retractionwatch.com/2015/06/25/one-publisher-appears-to-have-retracted-thousands-of-meeting-abstracts-yes-thousands/",+Breach of Policy by Author,"Ruiqing Wen
Yu Min",11/26/2009,"01/08/2010

10.1109/CAIDCD.2009.5375094","Conference Abstract/Paper
Retraction","China
Yes"
6806,"A research on the evolution path of ming-style round-backed armchair
(HUM) Arts - General; (HUM) History - Asia; 
2009 IEEE 10th International Conference on Computer-Aided Industrial Design & Conceptual Design ---Institute of Electrical and Electronics Engineers (IEEE)
Modern Industrial Design Institution of Zhejiang University, China",+Breach of Policy by Author,"Su Ke
Chai Chunlei
Wang Haining",11/26/2009,"01/08/2010

10.1109/CAIDCD.2009.5375075","Conference Abstract/Paper
Retraction","China
Yes"
6722,"Analysis on the formative arts of folk toys
(HUM) Arts - General; (HUM) History - General; 
2009 IEEE 10th International Conference on Computer-Aided Industrial Design & Conceptual Design ---Institute of Electrical and Electronics Engineers (IEEE)
School of Urban Design, Wuhan University, China
http://retractionwatch.com/2015/06/25/one-publisher-appears-to-have-retracted-thousands-of-meeting-abstracts-yes-thousands/",+Breach of Policy by Author,"Guan Jiaqing
Wang Yifan",11/26/2009,"01/08/2010

10.1109/CAIDCD.2009.5374944","Conference Abstract/Paper
Retraction","China
Yes"
6809,"Application and innovation of Chinese red in modern design
(HUM) Architecture; (HUM) Arts - General; (HUM) History - Asia; 
2009 IEEE 10th International Conference on Computer-Aided Industrial Design & Conceptual Design ---Institute of Electrical and Electronics Engineers (IEEE)
College of Art&Design, Nan Chang University, Jiangxi Province 330031, China",+Breach of Policy by Author,"Qiuyue Zeng
Minglang Yang",11/26/2009,"01/08/2010

10.1109/CAIDCD.2009.5374859","Conference Abstract/Paper
Retraction","China
Yes"
6725,"Enlightenment of artistic features of soul vase in Wei and Jin dynasties on modern art design of ceramics
(HUM) Arts - General; (HUM) History - Asia; (HUM) Philosophy; 
2009 IEEE 10th International Conference on Computer-Aided Industrial Design & Conceptual Design ---Institute of Electrical and Electronics Engineers (IEEE)
College of Art, Zhejiang University of Technology, Hangzhou, 310023, China
http://retractionwatch.com/2015/06/25/one-publisher-appears-to-have-retracted-thousands-of-meeting-abstracts-yes-thousands/",+Breach of Policy by Author,"Yunlong Qi
Xu Zhou",11/26/2009,"01/08/2010

10.1109/CAIDCD.2009.5375385","Conference Abstract/Paper
Retraction","China
Yes"
6815,"Heritage, reunification, integration - The thinking of national traditional culture and the contemporary design
(HUM) Architecture; (HUM) Arts - General; (HUM) History - General; 
2009 IEEE 10th International Conference on Computer-Aided Industrial Design & Conceptual Design ---Institute of Electrical and Electronics Engineers (IEEE)
Sanming University, Fujian, China
http://retractionwatch.com/2015/06/25/one-publisher-appears-to-have-retracted-thousands-of-meeting-abstracts-yes-thousands/",+Breach of Policy by Author,"Guopeng Qiu
Xunxiang Li
Changjing Lu",11/26/2009,"01/08/2010

10.1109/CAIDCD.2009.5375254","Conference Abstract/Paper
Retraction","China
Yes"
6849,"On the application of traditional Chinese cultural symbols of landscape architecture in modern design
(HUM) Architecture; (HUM) Arts - General; (HUM) History - Asia; 
2009 IEEE 10th International Conference on Computer-Aided Industrial Design & Conceptual Design ---Institute of Electrical and Electronics Engineers (IEEE)
China Academy of Art, China
http://retractionwatch.com/2015/06/25/one-publisher-appears-to-have-retracted-thousands-of-meeting-abstracts-yes-thousands/",+Breach of Policy by Author,Chen Qi,11/26/2009,"01/08/2010

10.1109/CAIDCD.2009.5375059","Conference Abstract/Paper
Retraction","China
Yes"
6808,"Sorcery, Taoism, polytheism, Sao - Sources of Chu art's spiritual images
(HUM) Arts - General; (HUM) History - Asia; (HUM) Philosophy; (HUM) Religion; 
2009 IEEE 10th International Conference on Computer-Aided Industrial Design & Conceptual Design ---Institute of Electrical and Electronics Engineers (IEEE)
Art College, Jiujiang University, Jiangxi Province 332005, China
http://retractionwatch.com/2015/06/25/one-publisher-appears-to-have-retracted-thousands-of-meeting-abstracts-yes-thousands/",+Breach of Policy by Author+Date of Retraction/Other Unknown+Notice - Limited or No Information,Yang Sibao,"11/26/2009
00000000
10.1109/CAIDCD.2009.5374938","01/08/2010
00000000
10.1109/CAIDCD.2009.5374938","Conference Abstract/Paper
Retraction","China
Yes"
6723,"The development and innovation of Qing Dynasty furniture carving art
(HUM) Arts - General; (HUM) History - Asia; 
2009 IEEE 10th International Conference on Computer-Aided Industrial Design & Conceptual Design ---Institute of Electrical and Electronics Engineers (IEEE)
Faculty of Mechanical and Electrical Engineering, Kunming University of Science and Technology, Yunnan Province, 650093, China
http://retractionwatch.com/2015/06/25/one-publisher-appears-to-have-retracted-thousands-of-meeting-abstracts-yes-thousands/",+Breach of Policy by Author,"Guanlan Gan
Weiping Hu
Yan Yang",11/26/2009,"01/08/2010

10.1109/CAIDCD.2009.5375213","Conference Abstract/Paper
Retraction","China
Yes"
12779,"Probabilism and Its Methods: Leonardus Lessius and His Contribution to the Development of Jesuit Casuistry
(HUM) History - Europe; (HUM) Philosophy; (HUM) Religion; 
Ephemerides Theologicae Lovanienses ---Peeters Publishers
Unavailable
http://retractionwatch.com/2016/06/08/philosopher-earns-13th-retraction-for-plagiarism/",+Plagiarism of Text+Withdrawal,"Martin William Francis Stone
T Van Houdt","12/01/1999

10.2143/ETL.75.4.504765",11/15/2009,"Research Article
Retraction","Unknown
No"
11152,"The origins of probabilism in late scholastic moral thought : A prolegomenon to further study
(HUM) History - Europe; (HUM) History - General; (HUM) Philosophy; (HUM) Religion; 
Recherches de Theologie et Philosophie Medievales ---Peeters Publishers
Unavailable
http://retractionwatch.com/2016/06/08/philosopher-earns-13th-retraction-for-plagiarism/",+Plagiarism of Text,Martin William Francis Stone,"01/01/2000

10.2143/RTPM.67.1.520",11/12/2009,"Research Article
Retraction","Unknown
No"
6905,"An econometric analysis of development dynamics in modern chinese industry
(B/T) Business - Economics; (B/T) Business - General; (HUM) History - Asia; 
2009 2nd IEEE International Conference on Computer Science and Information Technology ---Institute of Electrical and Electronics Engineers (IEEE)
Department of Mathematics, Heze University, China
http://retractionwatch.com/2015/06/25/one-publisher-appears-to-have-retracted-thousands-of-meeting-abstracts-yes-thousands/",+Breach of Policy by Author,Wang Ailing,"08/08/2009
00000000
10.1109/ICCSIT.2009.5234868","09/11/2009
00000000
10.1109/ICCSIT.2009.5234868","Conference Abstract/Paper
Retraction","China
Yes"
5745,"The Importance of Bonding — A Historic Overview and Future Possibilities
(HUM) History - General; (PHY) Engineering - Structural; (PHY) Materials Science; 
Advances in Structural Engineering ---SAGE Publications
Department of Civil Engineering, Technical University of Denmark",+Ethical Violations by Author+Euphemisms for Plagiarism+Plagiarism of Text,Björn Täljsten,"12/01/2006

10.1260/136943306779369509","09/01/2009

10.1260/136943309789508555","Review Article
Retraction","Denmark
Yes"
6891,"Partition and its precedents
(B/T) Government; (HUM) History - Europe; (HUM) History - General; (SOC) Military/Naval Studies; (SOC) Political Science; 
Peace Review ---Taylor and Francis
Gersweiterweg 5, Kaiserslautern, 67657, Germany",+Author Unresponsive+Plagiarism of Article+Plagiarism of Text,Robert Getso,"04/01/1999

10.1080/10402659908426312","06/04/2009

10.1080/10402650902877542","Review Article
Retraction","Germany
No"
2903,"A history of medical reports on the Boston Marathon: 112 years and still running
(HSC) Medicine - Cardiology; (HSC) Medicine - Sports; (HUM) History - United States; (PUB) Institutional Journals; 
Medicine and Science in Sports and Exercise ---Lippincott Williams and Wilkins
Henry Low Heart Center, Hartford Hospital, Hartford, CT",+Concerns/Issues about Referencing/Attributions+Retract and Replace,"PAUL D THOMPSON
CARMELO V VENERO","02/01/2009
19127202
10.1249/MSS.0b013e3181878067","06/01/2009
19465845
10.1249/MSS.0b013e3181a61b30","Review Article
Retraction","United States
No"
17716,"Ecological value at risk: The temporal analysis of the emergy ecological footprint and biological capacity in Gansu, China 1980–2020
(ENV) Ecology; (HUM) History - Asia; (PHY) Energy; 
Ecological Economics ---Elsevier
Key Laboratory of Arid and Grassland Agroecology of the Ministry of Education, School of Life Sciences, Lanzhou University, Lanzhou 730000, China School of Public Administration, Lanzhou Commercial College, Lanzhou, 730000, China School of Mathematics and Statistics, Lanzhou University, Lanzhou 730000, China",+Notice - Limited or No Information+Withdrawal,"Xiaohong Wei
Zizhen Li","04/03/2009
00000000
10.1016/j.ecolecon.2009.03.006","04/03/2009
00000000
10.1016/j.ecolecon.2009.03.006","Research Article
Retraction","China
No"
9114,"The Antiquarian and the Moderniser: Giovanni Lorenzo Berti (1696-1766), Pietro Tamburini (1737-1827), and Contrasting Defenses of the Augustinian Teaching on Unbaptised Infants in Eighteenth-Century Italy
(HUM) History - Europe; (HUM) Philosophy; (HUM) Religion; 
Quaestio ---Brepols Publishers
K. U. Leuven
http://retractionwatch.com/2016/06/08/philosopher-earns-13th-retraction-for-plagiarism/",+Euphemisms for Plagiarism+Investigation by Company/Institution+Plagiarism of Text,Martin William Francis Stone,"01/01/2006

10.1484/J.QUAESTIO.1.100071","01/01/2009

10.5555/J.QUAESTIO.6.78018881010204000008030507080778","Research Article
Expression of concern","Belgium
No"
9827,"Aristotelianism and Scholasticism in Early Modern Philosophy
(HUM) History - Europe; (HUM) Philosophy; (HUM) Religion; 
A Companion to Early Modern Philosophy ---Wiley-Blackwell
Department of Theology and Religious Studies, King’s College London
http://retractionwatch.com/2016/06/08/philosopher-earns-13th-retraction-for-plagiarism/",+Euphemisms for Plagiarism+Plagiarism of Text,Martin William Francis Stone,"01/01/2002
00000000
10.1002/9780470998847.ch2","01/14/2008
00000000
10.1002/9780470998847.ch2","Book Chapter/Reference Work
Retraction","United Kingdom
No"
13938,"Scholastic schools and early modern philosophy
(HUM) History - Europe; (HUM) Philosophy; (HUM) Religion; 
The Cambridge Companion to Early Modern Philosophy ---Cambridge University Press
Unavailable
http://retractionwatch.com/2016/06/08/philosopher-earns-13th-retraction-for-plagiarism/",+Copyright Claims+Legal Reasons/Legal Threats+Notice - Limited or No Information+Withdrawal,Martin William Francis Stone,"01/01/2006
00000000
10.1017/CCOL0521822424.012","01/01/2007
00000000
10.1017/CCOL0521822424.012","Book Chapter/Reference Work
Retraction","Unknown
No"
10022,"Augustine and medieval philosophy
(HUM) History - Europe; (HUM) Philosophy; (HUM) Religion; 
The Cambridge Companion to Augustine ---Cambridge University Press
Unavailable
http://retractionwatch.com/2016/06/08/philosopher-earns-13th-retraction-for-plagiarism/",+Copyright Claims,Martin William Francis Stone,"01/01/2001

10.1017/CCOL0521650186.018","05/01/2006

10.1017/CCOL0521650186.018","Book Chapter/Reference Work
Retraction","Unknown
Yes"
12579,"Practical Reason and the Orders of Morals and Nature in Aquinas’s Theory of the Lex Naturae
(HUM) History - Europe; (HUM) Philosophy; (HUM) Religion; 
Mind, Metaphysics, and Value in the Thomistic and Analytical Traditions ---University of Notre Dame Press
Unavailable
http://retractionwatch.com/2016/06/08/philosopher-earns-13th-retraction-for-plagiarism/",+Plagiarism of Text,Martin William Francis Stone,01/01/2002,12/01/2002,"Book Chapter/Reference Work
Expression of concern","Unknown
No"
4441,"Non-Greek doctors involved in the nineteenth-century revolutions in Crete
(HSC) Medicine - General; (HUM) History - Europe; 
Journal of Medical Biography ---SAGE Publications
Iraklion, Crete, Greece",+Notice - Unable to Access via current resources,Ioanna A Ramoutsaki,"05/01/2000
10994059
10.1177/096777200000800209","05/01/2002
11956557
10.1177/096777200201000212","Auto/Biography
Retraction","Greece
Yes"