RID,Retraction or Other Notices Title/Subject(s)/Journal --- Publisher/Affiliation(s)/Retraction Watch Post URL(s) 42 Item(s) Found,Reason(s),Author(s),Original Paper Date/PubMedID/DOI,Retraction or Other Notices Date/PubMedID/DOI,Article Type(s) Nature of Notice,Countries Paywalled? Notes
21366,"Comment on ‘Constrained Maneuvering: Rhetoric as a Rational Enterprise (HUM) Philosophy;  Argumentation ---Springer Faculty of Communication Sciences, University of Lugano, Lugano, Switzerland http://retractionwatch.com/?s=peter+schulz",+Euphemisms for Plagiarism+Plagiarism of Article,Peter Johannes Schulz,06/07/2007 00000000 10.1007/s10503-007-9023-5,09/17/2019 00000000 10.1007/s10503-019-09486-y,Commentary/Editorial Correction,Switzerland No
21367,Rationality as a condition for intercultural understanding (HUM) Philosophy;  Studies in Communication Sciences ---Swiss Association of Communication and Media Research University of Lugano,+Plagiarism of Article,Peter Johannes Schulz,01/01/2001 00000000 10.5169/seals-791151,09/10/2019 00000000 10.5169/seals-791151,Commentary/Editorial Retraction,Switzerland No
21008,"The Open Mind: A Phenomenology (HUM) Philosophy;  Open Journal of Philosophy (OJPP) ---Scientific Research Publishing  (SCIRP) The Shantigar Foundation, Rowe, MA, United States",+Unreliable Results,Josh Adler,05/01/2017 00000000 10.4236/ojpp.2017.72009,06/28/2019 00000000 10.4236/ojpp.2017.72009,Review Article Retraction,United States No
20936,Trinitarian Roots of Francis Bacon's Pragmatism (HUM) Philosophy;  The Heythrop Journal ---Wiley University of Michigan - Flint,+Duplication of Article+Error by Journal/Publisher,Aderemi Artis,02/08/2017 00000000 10.1111/heyj.12493,06/11/2019 00000000 10.1111/heyj.12083,Review Article Retraction,United States No
20287,"Antonioni and Bergman, or night and light (HUM) Philosophy; (HUM) Religion;  Journal of European Studies ---SAGE Publications University of Kurdistan, Hewler",+Duplication of Article+Euphemisms for Plagiarism+Plagiarism of Article,Robert James Cardullo,01/15/2019 00000000 10.1177/0047244118818995,04/10/2019 00000000 10.1177/0047244119839667,Review Article Retraction,Iraq No
19769,Can we prove the existence of God using quantitative biology (BLS) Genetics; (HUM) Philosophy; (HUM) Religion;  OSF Preprints ---Center for Open Science unavailable,+Notice - Lack of,Tidjani Locatelli,10/04/2018 00000000 10.31219/osf.io/q9xzj,12/21/2018 00000000 10.31219/osf.io/q9xzj,Research Article Retraction,Unknown No
21368,"Subjectivity from a Semiotic Point of View (HUM) Philosophy;  Nordic-Baltic Summer Institute for Semiotic and Structural Studies, Part IV ---International Semiotics Institute University of Lugano",+Plagiarism of Article,Peter Johannes Schulz,01/01/2001 00000000 unavailable,01/09/2018 00000000 unavailable,Book Chapter/Reference Work Retraction,Switzerland No
8775,"Strategic Bombing, Causal Beliefs, and Double Effect (HUM) Philosophy; (SOC) Ethics/Bioethics;  Journal of Value Inquiry ---Springer University of Copenhagen, Copenhagen, Denmark",+Duplication of Text+Investigation by Journal/Publisher,Ezio Di Nucci,09/10/2015  10.1007/s10790-015-9518-5,03/21/2017  10.1007/s10790-017-9595-8,Research Article Retraction,Denmark Yes
7948,"The Witness Set Constraint: Determiners, conservativity, witnesses (HUM) Philosophy;  The Journal of Semantics ---Oxford Academic Departament de Filologia Catalana, Facultat de Filologia, Universitat de Barcelona, Gran Via de les Corts Catalanes, 585. 08007, Spain",+Concerns/Issues About Results+Error in Analyses+Error in Text+Retract and Replace,Jordi Fortuny,07/27/2016  10.1093/jos/ffw009,03/05/2017  10.1093/jos/ffx002,Research Article Retraction,Spain No
10811,"The Voluntary Nature of Ethical-Moral Behavior in the 21st Century (or in Any Other): A Personal Perspective (HUM) Philosophy; (SOC) Ethics/Bioethics; (SOC) Sociology;  Journal of Clinical Research & Bioethics ---OMICS International Lakes and Freshwater Biology Office, University of Ottawa-Carleton, Canada http://retractionwatch.com/2016/11/30/surprise-paper-retracted-author-tells-journal-pile-dung/",+Concerns/Issues About Results,Thomas Spears,10/04/2016,10/01/2016  10.4172/2155-9627.1000286,Article in Press Retraction,Canada No
7932,"Role of Methodology in Action Research (HUM) Philosophy; (SOC) Education;  Journal of Philosophy of Education ---Wiley Civil Engineering Department, Beykent University, Istanbul. Turkey http://retractionwatch.com/2017/06/28/plagiarism-costs-author-five-papers-five-different-journals/",+Date of Retraction/Other Unknown+Euphemisms for Plagiarism+Plagiarism of Article,Kubilay Kaptan,03/20/2016 00000000 10.1111/1467-9752.12181,03/20/2016 00000000 10.1111/1467-9752.12181,Research Article Retraction,Turkey No
13279,Michael Baius (1513–89) and the Debate on ‘Pure Nature’: Grace and Moral Agency in Sixteenth-Century Scholasticism (HUM) History - Europe; (HUM) Philosophy;  Moral Philosophy on the Threshold of Modernity ---Springer Katholieke Universiteit Leuven http://retractionwatch.com/2016/06/08/philosopher-earns-13th-retraction-for-plagiarism/,+Concerns/Issues about Referencing/Attributions+Euphemisms for Plagiarism+Investigation by Company/Institution+Plagiarism of Text,Martin William Francis Stone,01/01/2005 00000000 10.1007/1-4020-3001-0_4,01/01/2016 00000000 10.1007/1-4020-3001-0_16,Book Chapter/Reference Work Retraction,Belgium No
4896,"The mystery of reincarnation (HSC) Medicine - Psychiatry; (HUM) Philosophy; (HUM) Religion;  Indian Journal of Psychiatry ---Wolters Kluwer - Medknow Department of Psychiatry, Mysore Medical College and Research Institute, Mysore, Karnataka, India Department of Physiology, Mysore Medical College and Research Institute, Mysore, Karnataka, India http://retractionwatch.com/2016/02/01/wikipedia-page-reincarnated-as-paper-journal-retracts-reincarnation-paper-for-plagiarism/",+Euphemisms for Plagiarism+Plagiarism of Text,Anil Kumar Mysore Nagaraj Raveesh Bevinahalli Nanjegowda S M Purushothama,01/01/2013 23858250 10.4103/0019-5545.105519,12/15/2015 26816443 10.4103/0019-5545.171860,Review Article Retraction,India No
8939,"Cancer Drugs in the United States: Justum Pretium—The Just Price (B/T) Business - Economics; (HSC) Medicine - General; (HUM) Philosophy; (PUB) Society/Association Journals;  Journal of Clinical Oncology : Official Journal of the American Society of Clinical Oncology ---American Society of Clinical Oncology Anderson Cancer Center, Houston, TX National Cancer Institute, National Institutes of Health, Bethesda, MD http://retractionwatch.com/2015/12/24/oh-no-he-didnt-misattributed-aristotle-work-leads-to-correction-in-highly-cited-cancer-paper/",+Concerns/Issues About Data+Concerns/Issues about Referencing/Attributions+Error in Text,Hagop M Kantarjian Tito Fojo Michael Mathisen Leonard A Zwelling,10/01/2013 23650428 10.1200/JCO.2013.49.1845,10/01/2015 26477052 10.1200/JCO.2015.64.8527,Research Article Correction,United States No
8448,"Two thinks at a time (HUM) Arts -Literature/Poetry; (HUM) Philosophy;  Atlantic Studies ---Taylor and Francis Department of English, University of Nevada Las Vegas, USA http://retractionwatch.com/2015/07/28/serial-plagiarizer-notches-three-retractions/",+Breach of Policy by Author+Lack of Approval from Company/Institution+Plagiarism of Text,Mustapha Marrouchi,11/30/2009  10.1080/14788810903264795,07/24/2015  10.1080/14788810.2015.1044242,Research Article Retraction,United States Yes
13650,Introduction (B/T) Business - Economics; (HUM) History - Europe; (HUM) Philosophy;  Journal of Markets & Morality ---Acton Institute for the Study of Religion & Liberty Unavailable http://retractionwatch.com/2015/07/20/two-retractions-cost-economic-historian-book-chapter-and-journal-article/,+Notice - Lack of+Plagiarism of Text,Francisco Gómez Camacho,11/16/2007,07/01/2015,Book Chapter/Reference Work Retraction,Unknown Unknown
7079,"On the Illuminationist Approach to Imaginal Power: Outline of a Perspective (HUM) Philosophy;  Topoi ---Springer The University of Tehran, Tehran, Iran",+Euphemisms for Plagiarism+Plagiarism of Article,Mahmoud Khatami,06/27/2007  10.1007/s11245-007-9015-y,02/06/2015  10.1007/s11245-015-9305-8,Research Article Retraction,Iran Yes
6592,"Les Enjeux de la Parole (HUM) Philosophy;  Neohelicon ---Springer University of Atlanta, Atlanta, USA http://retractionwatch.com/2015/01/28/serial-plagiarist-loses-13-papers/",+Duplication of Text+Euphemisms for Duplication+Plagiarism of Text,Richard Lawrence Etienne Barnett,10/28/2008  10.1007/s11059-008-4013-7,01/23/2015  10.1007/2Fs11059-014-0289-y,Research Article Retraction,United States No
20600,"Buddhist Approaches to Managing Stress and Improving Mental Health (HUM) Philosophy; (HUM) Religion;  University of the Thai Chamber of Commerce Journal of Humanities and Social Sciences ---University of the Thai Chamber of Commerce Faculty of Social Sciences and Humanities, Mahidol University",+Date of Retraction/Other Unknown+Notice - Lack of,Sukhumpong Channuwong,04/01/2014 00000000 unavailable,04/01/2014 00000000 unavailable,Research Article Retraction,Thailand No
8676,Treatise on Money: Introduction (B/T) Business - Economics; (HUM) Philosophy; (PUB) Institutional Journals;  Journal of Markets & Morality ---Acton Institute for the Study of Religion & Liberty Unavailable http://retractionwatch.com/2015/07/20/two-retractions-cost-economic-historian-book-chapter-and-journal-article/,+Ethical Violations by Author+Plagiarism of Text,Francisco Gómez Camacho,01/01/2005,02/01/2014,Book Chapter/Reference Work Retraction,Unknown No
17176,"The Study of Quality of Life: Interview with Konstadina Griva (HSC) Medicine - General; (HUM) Philosophy;  Europe’s Journal of Psychology ---Psych Open Health & Quality of Life Research Group, Department of Kinesiology, Centre for Research and Technology, Trikala, Greece http://retractionwatch.com/2013/11/20/psychology-journal-editor-has-seven-articles-retracted-for-duplication-or-plagiarism/",+Plagiarism of Article,Paraskevi Theofilou,02/01/2013 00000000 10.5964/ejop.v9i1.582,11/01/2013 00000000 10.5964/ejop.v9i1.3582,Interview/Q&A Retraction,Greece No
2859,Terror Management and Stereotyping: Why Do People Stereotype When Mortality Is Salient? (HUM) Philosophy; (PUB) Society/Association Journals; (SOC) Psychology; (SOC) Sociology;  Personality & Social Psychology Bulletin ---SAGE Publications University of Groningen  Tilburg University http://retractionwatch.com/2013/02/07/when-we-wonder-what-it-all-means-stapel-retraction-count-rises-to-49/ http://retractionwatch.com/2012/10/02/diederik-stapel-faces-criminal-inquiry-for-misuse-of-funds/ http://retractionwatch.com/the-retraction-watch-leaderboard/,+Criminal Proceedings+Falsification/Fabrication of Data+Investigation by Company/Institution+Investigation by Third Party+Misconduct - Official Investigation/Finding,Lennart J Renkema Diederik A Stapel Marcus Maringer Nico W van Yperen,04/01/2008 18252834 10.1177/0146167207312465,02/05/2013 23386661 10.1177/0146167212474240,Research Article Retraction,Netherlands Yes
11517,Equity and Moderation: The Reception and Uses of Aristotle’s Doctrine of epieikeia in Thirteenth-Century Ethics (HUM) History - Europe; (HUM) Philosophy; (PUB) Society/Association Journals; (SOC) Ethics/Bioethics;  Documenti e Studi Sulla Tradizione Filosofica Medievale ---Società Internazionale per lo Studio del Medioevo Latino (SISMEL) Unavailable http://retractionwatch.com/2016/06/08/philosopher-earns-13th-retraction-for-plagiarism/,+Plagiarism of Text,Martin William Francis Stone,12/01/2006 00000000 unavailable,01/01/2012 00000000 unavailable,Research Article Retraction,Unknown No
9112,"The Angelic Doctor and the Stagirite: Thomas Aquinas and Contemporary ‘Aristotelian’ Ethics (HUM) Philosophy; (PUB) Society/Association Journals; (SOC) Ethics/Bioethics;  Proceedings of the Aristotelian Society ---Oxford Academic King's College London, London http://retractionwatch.com/2016/06/08/philosopher-earns-13th-retraction-for-plagiarism/",+Euphemisms for Plagiarism+Plagiarism of Article+Plagiarism of Text,Martin William Francis Stone,06/01/2001 00000000 10.1111/j.0066-7372.2003.00023.x,10/01/2011 00000000 10.1111/j.1467-9264.2011.00322.x,Research Article Retraction,United Kingdom Yes
17632,"Thought styles and paradigms: A comparative study of Ludwik Fleck and Thomas S. Kuhn (HUM) History - General; (HUM) Philosophy;  Studies in History and Philosophy of Science Part A ---Elsevier RWTH Aachen, Philosophisches Institut, Eilfschornsteinstr. 16, 52062 Aachen, Germany",+Duplication of Article+Error by Journal/Publisher,Nicola Mößner,04/09/2011 00000000 10.1016/j.shpsa.2011.02.001,09/01/2011 00000000 10.1016/j.shpsa.2011.02.001,Research Article Retraction,Germany No
10203,"Research on limitation of knowledge (HUM) Philosophy; (PUB) Society/Association Journals; (SOC) Education;  2011 International Conference on Product Innovation Management (ICPIM 2011) ---Institute of Electrical and Electronics Engineers (IEEE) Library, Wuhan University of Technology, Wuhan, China Department of Information Engineering, Wuhan University of Technology, Wuhan, China http://retractionwatch.com/2015/06/25/one-publisher-appears-to-have-retracted-thousands-of-meeting-abstracts-yes-thousands/",+Breach of Policy by Author+Investigation by Journal/Publisher+Notice - Limited or No Information,Wang Huawei Lou Ping,07/16/2011  10.1109/ICPIM.2011.5983659,08/15/2011  10.1109/ICPIM.2011.5983659,Conference Abstract/Paper Retraction,China No
12710,"Philosophy and Theology (HUM) History - Europe; (HUM) Philosophy;  The Cambridge History of Medieval Philosophy ---Cambridge University Press Katholieke Universiteit Leuven, Leuven, Belgium http://retractionwatch.com/2016/06/08/philosopher-earns-13th-retraction-for-plagiarism/",+Legal Reasons/Legal Threats+Notice - Limited or No Information,Martin William Francis Stone Robert Wisnovsky,01/01/2009  10.1017/CHOL9780521762182.013,06/01/2011  10.1017/CHOL9780521762182.013,Book Chapter/Reference Work Retraction,Belgium No
9192,The care of souls and “practical ethics” (HUM) Philosophy; (HUM) Religion; (SOC) Ethics/Bioethics;  The Cambridge History of Medieval Philosophy ---Cambridge University Press Unavailable http://retractionwatch.com/2016/06/08/philosopher-earns-13th-retraction-for-plagiarism/,+Notice - Limited or No Information+Plagiarism of Text,Martin William Francis Stone,01/01/2009  10.1017/CHOL9780521762168.040,05/01/2011,Book Chapter/Reference Work Retraction,Unknown No
8846,"Conscience in Renaissance moral thought: a concept in transition? (HUM) Philosophy; (PUB) Society/Association Journals;  Renaissance Studies ---Wiley Institute of Philosophy, Catholic University of Leuven http://retractionwatch.com/2016/06/08/philosopher-earns-13th-retraction-for-plagiarism/",+Euphemisms for Plagiarism+Plagiarism of Text,Martin William Francis Stone,08/19/2009 00000000 10.1111/j.1477-4658.2009.00603.x,08/12/2010 00000000 10.1111/j.1477-4658.2010.00694.x,Research Article Retraction,Belgium Yes
10756,"C++ Teaching Guided by System Theory and Practice Theory in Philosophy (B/T) Computer Science; (HUM) Philosophy; (PUB) Society/Association Journals; (SOC) Education;  2010 Second International Workshop on Education Technology and Computer Science ---Institute of Electrical and Electronics Engineers (IEEE) Colledge of Inf. Technol., Jilin Agric. Univ., Changchun, China Dept. of Environ. Eng., Jilin Archit. & Civil Eng. Inst., Changchun, China http://retractionwatch.com/2015/06/25/one-publisher-appears-to-have-retracted-thousands-of-meeting-abstracts-yes-thousands/",+Investigation by Journal/Publisher+Notice - Limited or No Information,Yu Helong Zhao Yuxin Chen Guifen Jiao Hongbin,03/06/2010  10.1109/ETCS.2010.561,05/06/2010  10.1109/ETCS.2010.561,Conference Abstract/Paper Retraction,China No
6725,"Enlightenment of artistic features of soul vase in Wei and Jin dynasties on modern art design of ceramics (HUM) Arts - General; (HUM) History - Asia; (HUM) Philosophy;  2009 IEEE 10th International Conference on Computer-Aided Industrial Design & Conceptual Design ---Institute of Electrical and Electronics Engineers (IEEE) College of Art, Zhejiang University of Technology, Hangzhou, 310023, China http://retractionwatch.com/2015/06/25/one-publisher-appears-to-have-retracted-thousands-of-meeting-abstracts-yes-thousands/",+Breach of Policy by Author,Yunlong Qi Xu Zhou,11/26/2009,01/08/2010  10.1109/CAIDCD.2009.5375385,Conference Abstract/Paper Retraction,China Yes
6808,"Sorcery, Taoism, polytheism, Sao - Sources of Chu art's spiritual images (HUM) Arts - General; (HUM) History - Asia; (HUM) Philosophy; (HUM) Religion;  2009 IEEE 10th International Conference on Computer-Aided Industrial Design & Conceptual Design ---Institute of Electrical and Electronics Engineers (IEEE) Art College, Jiujiang University, Jiangxi Province 332005, China http://retractionwatch.com/2015/06/25/one-publisher-appears-to-have-retracted-thousands-of-meeting-abstracts-yes-thousands/",+Breach of Policy by Author+Date of Retraction/Other Unknown+Notice - Limited or No Information,Yang Sibao,11/26/2009 00000000 10.1109/CAIDCD.2009.5374938,01/08/2010 00000000 10.1109/CAIDCD.2009.5374938,Conference Abstract/Paper Retraction,China Yes
6803,"The influence of zen on the gardens and landscape (HUM) Arts - General; (HUM) Philosophy; (HUM) Religion;  2009 IEEE 10th International Conference on Computer-Aided Industrial Design & Conceptual Design ---Institute of Electrical and Electronics Engineers (IEEE) School of Urban Design Institute, Wuhan University, HuBei Province 430072, China http://retractionwatch.com/2015/06/25/one-publisher-appears-to-have-retracted-thousands-of-meeting-abstracts-yes-thousands/",+Breach of Policy by Author,Jia-Qing Guan Qui-Wen Shi,11/26/2009,01/08/2010  10.1109/CAIDCD.2009.5374875,Conference Abstract/Paper Retraction,China Yes
11461,"In the Shadow of Augustine: The Scholastic Debate on Lying from Robert Grosseteste to Gabriel Biel (HUM) Philosophy;  'Herbst des Mittelalters' Fragen zur Bewertung des 14th und 15th Jahrhunderts ---De Gruyter University of Leuven, Leuven http://retractionwatch.com/2016/06/08/philosopher-earns-13th-retraction-for-plagiarism/",+Investigation by Company/Institution+Plagiarism of Article,Martin William Francis Stone,01/01/2004 00000000 10.1515/9783110204544.6.277,01/01/2010 00000000 10.1515/9783110204544.6.277,Book Chapter/Reference Work Retraction,Belgium No
9455,"Truth, deception, and lies: Lessons from the casuistical tradition (HUM) Philosophy; (SOC) Ethics/Bioethics;  Tijdschrift voor Filosofie ---Driemaandelijks Katholieke Universiteit Leuven http://retractionwatch.com/2016/06/08/philosopher-earns-13th-retraction-for-plagiarism/",+Euphemisms for Plagiarism+Plagiarism of Text,Martin William Francis Stone,01/01/2006,01/01/2010,Research Article Retraction,Belgium
12779,Probabilism and Its Methods: Leonardus Lessius and His Contribution to the Development of Jesuit Casuistry (HUM) History - Europe; (HUM) Philosophy; (HUM) Religion;  Ephemerides Theologicae Lovanienses ---Peeters Publishers Unavailable http://retractionwatch.com/2016/06/08/philosopher-earns-13th-retraction-for-plagiarism/,+Plagiarism of Text+Withdrawal,Martin William Francis Stone T Van Houdt,12/01/1999  10.2143/ETL.75.4.504765,11/15/2009,Research Article Retraction,Unknown No
11152,The origins of probabilism in late scholastic moral thought : A prolegomenon to further study (HUM) History - Europe; (HUM) History - General; (HUM) Philosophy; (HUM) Religion;  Recherches de Theologie et Philosophie Medievales ---Peeters Publishers Unavailable http://retractionwatch.com/2016/06/08/philosopher-earns-13th-retraction-for-plagiarism/,+Plagiarism of Text,Martin William Francis Stone,01/01/2000  10.2143/RTPM.67.1.520,11/12/2009,Research Article Retraction,Unknown No
9114,"The Antiquarian and the Moderniser: Giovanni Lorenzo Berti (1696-1766), Pietro Tamburini (1737-1827), and Contrasting Defenses of the Augustinian Teaching on Unbaptised Infants in Eighteenth-Century Italy (HUM) History - Europe; (HUM) Philosophy; (HUM) Religion;  Quaestio ---Brepols Publishers K. U. Leuven http://retractionwatch.com/2016/06/08/philosopher-earns-13th-retraction-for-plagiarism/",+Euphemisms for Plagiarism+Investigation by Company/Institution+Plagiarism of Text,Martin William Francis Stone,01/01/2006  10.1484/J.QUAESTIO.1.100071,01/01/2009  10.5555/J.QUAESTIO.6.78018881010204000008030507080778,Research Article Expression of concern,Belgium No
9827,"Aristotelianism and Scholasticism in Early Modern Philosophy (HUM) History - Europe; (HUM) Philosophy; (HUM) Religion;  A Companion to Early Modern Philosophy ---Wiley-Blackwell Department of Theology and Religious Studies, King’s College London http://retractionwatch.com/2016/06/08/philosopher-earns-13th-retraction-for-plagiarism/",+Euphemisms for Plagiarism+Plagiarism of Text,Martin William Francis Stone,01/01/2002 00000000 10.1002/9780470998847.ch2,01/14/2008 00000000 10.1002/9780470998847.ch2,Book Chapter/Reference Work Retraction,United Kingdom No
13938,Scholastic schools and early modern philosophy (HUM) History - Europe; (HUM) Philosophy; (HUM) Religion;  The Cambridge Companion to Early Modern Philosophy ---Cambridge University Press Unavailable http://retractionwatch.com/2016/06/08/philosopher-earns-13th-retraction-for-plagiarism/,+Copyright Claims+Legal Reasons/Legal Threats+Notice - Limited or No Information+Withdrawal,Martin William Francis Stone,01/01/2006 00000000 10.1017/CCOL0521822424.012,01/01/2007 00000000 10.1017/CCOL0521822424.012,Book Chapter/Reference Work Retraction,Unknown No
10022,Augustine and medieval philosophy (HUM) History - Europe; (HUM) Philosophy; (HUM) Religion;  The Cambridge Companion to Augustine ---Cambridge University Press Unavailable http://retractionwatch.com/2016/06/08/philosopher-earns-13th-retraction-for-plagiarism/,+Copyright Claims,Martin William Francis Stone,01/01/2001  10.1017/CCOL0521650186.018,05/01/2006  10.1017/CCOL0521650186.018,Book Chapter/Reference Work Retraction,Unknown Yes
12579,"Practical Reason and the Orders of Morals and Nature in Aquinas’s Theory of the Lex Naturae (HUM) History - Europe; (HUM) Philosophy; (HUM) Religion;  Mind, Metaphysics, and Value in the Thomistic and Analytical Traditions ---University of Notre Dame Press Unavailable http://retractionwatch.com/2016/06/08/philosopher-earns-13th-retraction-for-plagiarism/",+Plagiarism of Text,Martin William Francis Stone,01/01/2002,12/01/2002,Book Chapter/Reference Work Expression of concern,Unknown No
